,
,透明連線新聞區
,
,鄉民曆
,
" https://www.google.com/calendar/embed?src=ptt.publicissue2%40gmail.com&ctz=Asia/Taipei",北部
https://www.google.com/calendar/embed?src=ptt.publicissue3%40gmail.com&ctz=Asia/Taipei,中部
" https://www.google.com/calendar/embed?src=ptt.publicissue4%40gmail.com&ctz=Asia/Taipei",南部
" https://www.google.com/calendar/embed?src=ptt.publicissue5%40gmail.com&ctz=Asia/Taipei",東部離島
" https://www.google.com/calendar/embed?src=ptt.publicissue6%40gmail.com&ctz=Asia/Taipei",海外
" https://www.google.com/calendar/embed?src=ptt.publicissue7%40gmail.com&ctz=Asia/Taipei",特區
" https://www.google.com/calendar/embed?src=ptt.publicissue8%40gmail.com&ctz=Asia/Taipei",ptt
,
,
,
,
,
,
,
,
,
,g0v
" http://logbot.g0v.tw/channel/g0v.tw/today",logbot
" https://kiwiirc.com/client/irc.kiwiirc.com/#g0v.tw",IRC
,
,
,
,社會議題
" http://campaign.tw-npo.org/index2.php",連署平台
,
,
,公民直播
" https://inlivetw.github.io/enter/",app下載
" http://inlivetw.github.io/map/",map
